multiverse_id,mtgo_id,set,collector_number,lang,rarity,name,mana_cost,cmc,type_line,artist,usd_price,usd_foil_price,eur_price,tix_price,image_uri,scryfall_uri,scryfall_id
,,SOA,1,en,M,Akroma's Will,{3}{W},4.0,Instant,Zuzanna Wużyk,,,,,https://cards.scryfall.io/large/front/6/7/674e08ef-5291-4465-99c0-7313698f7a93.jpg?1775679184,https://scryfall.com/card/soa/1/akromas-will,674e08ef-5291-4465-99c0-7313698f7a93
,,SOA,2,en,R,Angel's Grace,{W},1.0,Instant,Justin Hernandez & Alexis Hernandez,,,,,https://cards.scryfall.io/large/front/d/e/de0f22af-fb85-4178-8a35-ec3ff031f4df.jpg?1775740023,https://scryfall.com/card/soa/2/angels-grace,de0f22af-fb85-4178-8a35-ec3ff031f4df
,,SOS,7,en,R,Antiquities on the Loose,{1}{W}{W},3.0,Sorcery,Andreas Zafiratos,,,,,https://cards.scryfall.io/large/front/6/8/68ee92cd-51af-4de5-bcc8-34d0bb2fd398.jpg?1775474292,https://scryfall.com/card/sos/7/antiquities-on-the-loose,68ee92cd-51af-4de5-bcc8-34d0bb2fd398
,,SOA,3,en,M,Armageddon,{3}{W},4.0,Sorcery,Dominik Mayer,,,,,https://cards.scryfall.io/large/front/4/1/41954132-2c71-4b3a-8893-20e0df68a848.jpg?1775679436,https://scryfall.com/card/soa/3/armageddon,41954132-2c71-4b3a-8893-20e0df68a848
,,SOS,9,en,U,Daydream,{W},1.0,Sorcery,Nia Kovalevski,,,,,https://cards.scryfall.io/large/front/e/2/e2b16cb2-b8b2-45df-9695-3c16e9d89e28.jpg?1775474334,https://scryfall.com/card/sos/9/daydream,e2b16cb2-b8b2-45df-9695-3c16e9d89e28
,,SOA,4,en,U,Duty Beyond Death,{1}{W},2.0,Instant,Zuzanna Wużyk,6.27,,0.42,,https://cards.scryfall.io/large/front/6/f/6f8f8183-d17a-41b8-b3b5-914f193fd964.jpg?1774979307,https://scryfall.com/card/soa/4/duty-beyond-death,6f8f8183-d17a-41b8-b3b5-914f193fd964
,,SOS,11,en,C,Eager Glyphmage,{3}{W},4.0,Creature — Cat Cleric,Cristi Balanescu,,,,,https://cards.scryfall.io/large/front/b/f/bf736de9-9bc4-49df-ae60-672ed4f83f32.jpg?1775732777,https://scryfall.com/card/sos/11/eager-glyphmage,bf736de9-9bc4-49df-ae60-672ed4f83f32
,,SOS,13,en,M,Emeritus of Truce // Swords to Plowshares,{1}{W}{W} // {W},3.0,Creature — Cat Cleric // Instant,Aleksi Briclot,,,,,https://cards.scryfall.io/large/front/9/8/9869a753-5e41-4098-ab41-e75b4396ec50.jpg?1775732792,https://scryfall.com/card/sos/13/emeritus-of-truce-swords-to-plowshares,9869a753-5e41-4098-ab41-e75b4396ec50
,,SOS,14,en,U,"Ennis, Debate Moderator",{1}{W},2.0,Legendary Creature — Human Cleric,Marie Magny,,,,,https://cards.scryfall.io/large/front/d/2/d2ef31b4-24fa-4443-9f05-c8e99c3522e5.jpg?1775774471,https://scryfall.com/card/sos/14/ennis-debate-moderator,d2ef31b4-24fa-4443-9f05-c8e99c3522e5
,,SOS,15,en,R,Erode,{W},1.0,Instant,Florian Herold,18.14,24.99,,,https://cards.scryfall.io/large/front/3/2/32e670da-7563-4f6a-a7db-4c126a440eb8.jpg?1775474341,https://scryfall.com/card/sos/15/erode,32e670da-7563-4f6a-a7db-4c126a440eb8
,,SOS,16,en,U,Graduation Day,{W},1.0,Enchantment,Brian Valeza,2.9,3.0,0.89,,https://cards.scryfall.io/large/front/d/b/db1cea01-123e-4b23-8b98-f94cabce3912.jpg?1775010821,https://scryfall.com/card/sos/16/graduation-day,db1cea01-123e-4b23-8b98-f94cabce3912
,,SOS,17,en,U,Group Project,{1}{W},2.0,Sorcery,Justine Cruz,,,,,https://cards.scryfall.io/large/front/e/8/e8abc1eb-6225-4b18-8502-b5324b818aed.jpg?1775474355,https://scryfall.com/card/sos/17/group-project,e8abc1eb-6225-4b18-8502-b5324b818aed
,,SOS,18,en,U,Harsh Annotation,{1}{W},2.0,Instant,Liiga Smilshkalne,,,,,https://cards.scryfall.io/large/front/e/0/e07a8fc7-c11c-4469-a31d-0abf40e57bbf.jpg?1775733111,https://scryfall.com/card/sos/18/harsh-annotation,e07a8fc7-c11c-4469-a31d-0abf40e57bbf
,,SOA,5,en,U,Helping Hand,{W},1.0,Sorcery,Dominik Mayer,,,,,https://cards.scryfall.io/large/front/d/a/da5e29a8-a8fb-452b-9973-61ad613f9907.jpg?1775679237,https://scryfall.com/card/soa/5/helping-hand,da5e29a8-a8fb-452b-9973-61ad613f9907
,,SOA,6,en,U,Hop to It,{2}{W},3.0,Sorcery,Alex Stone,,,,,https://cards.scryfall.io/large/front/1/6/16fabbbf-e35b-468c-9aea-09aa6a388dee.jpg?1775679254,https://scryfall.com/card/soa/6/hop-to-it,16fabbbf-e35b-468c-9aea-09aa6a388dee
,,SOS,20,en,R,Informed Inkwright,{1}{W},2.0,Creature — Human Wizard,Nia Kovalevski,,,,,https://cards.scryfall.io/large/front/5/d/5defb2d1-d0fb-4e7f-a5c7-3df99fe675d6.jpg?1775732830,https://scryfall.com/card/sos/20/informed-inkwright,5defb2d1-d0fb-4e7f-a5c7-3df99fe675d6
,,SOS,21,en,U,Inkshape Demonstrator,{3}{W},4.0,Creature — Elephant Cleric,Julia Metzger,,,,,https://cards.scryfall.io/large/front/b/c/bcfac992-9984-4529-b9ff-a42d58832b34.jpg?1775732842,https://scryfall.com/card/sos/21/inkshape-demonstrator,bcfac992-9984-4529-b9ff-a42d58832b34
,,SOS,23,en,R,Joined Researchers // Secret Rendezvous,{1}{W} // {1}{W}{W},2.0,Creature — Human Cleric Wizard // Sorcery,Ryan Pancoast,12.42,,1.59,,https://cards.scryfall.io/large/front/1/e/1ebaafe0-3a9a-424c-8698-d26e7be45343.jpg?1775235823,https://scryfall.com/card/sos/23/joined-researchers-secret-rendezvous,1ebaafe0-3a9a-424c-8698-d26e7be45343
,,SOS,25,en,R,Practiced Offense,{2}{W},3.0,Sorcery,Raluca Marinescu,,,,,https://cards.scryfall.io/large/front/7/9/79c7cf94-c0a1-432d-90d7-7f0599c2e7a8.jpg?1775474366,https://scryfall.com/card/sos/25/practiced-offense,79c7cf94-c0a1-432d-90d7-7f0599c2e7a8
,,SOS,26,en,U,Primary Research,{4}{W},5.0,Enchantment,Michal Ivan,,,,,https://cards.scryfall.io/large/front/f/6/f6fdb814-45c6-4d14-afff-7f5bd1bd10a1.jpg?1775053485,https://scryfall.com/card/sos/26/primary-research,f6fdb814-45c6-4d14-afff-7f5bd1bd10a1
,,SOA,7,en,R,Prismatic Ending,{X}{W},1.0,Sorcery,Dominik Mayer,,,,,https://cards.scryfall.io/large/front/c/3/c30342a9-9d60-4440-90fc-8df47d558be7.jpg?1775679266,https://scryfall.com/card/soa/7/prismatic-ending,c30342a9-9d60-4440-90fc-8df47d558be7
,,SOS,27,en,U,Quill-Blade Laureate // Twofold Intent,{1}{W} // {1}{W},2.0,Creature — Human Cleric // Sorcery,Elizabeth Peiró,,,,,https://cards.scryfall.io/large/front/6/2/62a47835-5719-48c4-a740-a0c5f00dce11.jpg?1775734771,https://scryfall.com/card/sos/27/quill-blade-laureate-twofold-intent,62a47835-5719-48c4-a740-a0c5f00dce11
,,SOS,28,en,C,Rapier Wit,{1}{W},2.0,Instant,Joshua Raphael,,,,,https://cards.scryfall.io/large/front/9/7/97b50521-5a0f-4dbd-8e15-f0f0d059c258.jpg?1775732865,https://scryfall.com/card/sos/28/rapier-wit,97b50521-5a0f-4dbd-8e15-f0f0d059c258
,,SOA,8,en,U,Repel Calamity,{1}{W},2.0,Instant,Alex Stone,,,,,https://cards.scryfall.io/large/front/1/c/1c2cf02f-97f3-47f0-9382-c580f3033635.jpg?1775679278,https://scryfall.com/card/soa/8/repel-calamity,1c2cf02f-97f3-47f0-9382-c580f3033635
,,SOA,9,en,R,Reprieve,{1}{W},2.0,Instant,Alex Stone,6.0,12.0,,,https://cards.scryfall.io/large/front/4/2/426038f3-f21e-43a5-bea8-0cfd8658c009.jpg?1774979587,https://scryfall.com/card/soa/9/reprieve,426038f3-f21e-43a5-bea8-0cfd8658c009
,,SOA,10,en,U,Requisition Raid,{W},1.0,Sorcery,Matthew G. Lewis,,,,,https://cards.scryfall.io/large/front/6/d/6d9efae9-365d-46c8-be92-d4a3038f0414.jpg?1775679285,https://scryfall.com/card/soa/10/requisition-raid,6d9efae9-365d-46c8-be92-d4a3038f0414
,,SOS,30,en,M,Restoration Seminar,{5}{W}{W},7.0,Sorcery — Lesson,Josu Hernaiz,23.99,,,,https://cards.scryfall.io/large/front/9/e/9ebc4ecf-2fa2-4ab8-afde-3b91cf5eadb6.jpg?1775474251,https://scryfall.com/card/sos/30/restoration-seminar,9ebc4ecf-2fa2-4ab8-afde-3b91cf5eadb6
,,SOA,11,en,R,Return to the Ranks,{X}{W}{W},2.0,Sorcery,Dominik Mayer,,,,,https://cards.scryfall.io/large/front/c/b/cba93c84-3468-4c03-8198-87fb6c4b0968.jpg?1775679296,https://scryfall.com/card/soa/11/return-to-the-ranks,cba93c84-3468-4c03-8198-87fb6c4b0968
,,SOS,31,en,C,Shattered Acolyte,{1}{W},2.0,Creature — Dwarf Warlock,Ashly Lovett,1.9,,0.32,,https://cards.scryfall.io/large/front/d/c/dc0517ca-b271-49a1-a286-c20f4e5b9309.jpg?1774436695,https://scryfall.com/card/sos/31/shattered-acolyte,dc0517ca-b271-49a1-a286-c20f4e5b9309
,,SOS,33,en,U,Spiritcall Enthusiast // Scrollboost,{2}{W} // {1}{W},3.0,Creature — Cat Cleric // Sorcery,Oriana Menendez,,,,,https://cards.scryfall.io/large/front/c/0/c0b85569-2cb3-4b64-b0fe-418195c4dab0.jpg?1775474389,https://scryfall.com/card/sos/33/spiritcall-enthusiast-scrollboost,c0b85569-2cb3-4b64-b0fe-418195c4dab0
,,SOS,34,en,U,Stand Up for Yourself,{2}{W},3.0,Instant,Nathaniel Himawan,,,,,https://cards.scryfall.io/large/front/b/7/b756ca13-b904-4510-9bbb-5bc2864abfbd.jpg?1775706224,https://scryfall.com/card/sos/34/stand-up-for-yourself,b756ca13-b904-4510-9bbb-5bc2864abfbd
,,SOS,35,en,R,Stirring Hopesinger,{2}{W},3.0,Creature — Bird Bard,Cristi Balanescu,,,,,https://cards.scryfall.io/large/front/2/1/21375667-b318-47f8-a482-9c8c2b5b14c0.jpg?1775732877,https://scryfall.com/card/sos/35/stirring-hopesinger,21375667-b318-47f8-a482-9c8c2b5b14c0
,,SOS,37,en,U,Summoned Dromedary,{3}{W},4.0,Creature — Spirit Camel,Craig J Spearing,,,,,https://cards.scryfall.io/large/front/4/4/44d0277c-ca82-4334-a15a-cd67a9db0d02.jpg?1775474710,https://scryfall.com/card/sos/37/summoned-dromedary,44d0277c-ca82-4334-a15a-cd67a9db0d02
,,SOA,12,en,M,Winds of Abandon,{1}{W},2.0,Sorcery,Zuzanna Wużyk,,,,,https://cards.scryfall.io/large/front/d/d/ddf7fa6e-e38c-4f3d-8d8b-6ecbccdbb8f9.jpg?1775679305,https://scryfall.com/card/soa/12/winds-of-abandon,ddf7fa6e-e38c-4f3d-8d8b-6ecbccdbb8f9
,,SOS,38,en,C,Banishing Betrayal,{1}{U},2.0,Instant,Craig Elliott,0.58,,0.27,,https://cards.scryfall.io/large/front/1/a/1ae9d2f3-7a9f-433a-aa1f-14337ae6f9d4.jpg?1774868652,https://scryfall.com/card/sos/38/banishing-betrayal,1ae9d2f3-7a9f-433a-aa1f-14337ae6f9d4
,,SOA,13,en,R,Brain Freeze,{1}{U},2.0,Instant,Benjamin Ee,,,,,https://cards.scryfall.io/large/front/f/4/f403af12-6114-4121-b421-3448e084864c.jpg?1775731615,https://scryfall.com/card/soa/13/brain-freeze,f403af12-6114-4121-b421-3448e084864c
,,SOS,39,en,U,Brush Off,{2}{U}{U},4.0,Instant,Genel Jumalon,,,,,https://cards.scryfall.io/large/front/1/5/151eab82-d20f-433b-b3bb-1d44e2871d5c.jpg?1775706237,https://scryfall.com/card/sos/39/brush-off,151eab82-d20f-433b-b3bb-1d44e2871d5c
,,SOS,40,en,U,Campus Composer // Aqueous Aria,{3}{U} // {4}{U},4.0,Creature — Merfolk Bard // Sorcery,Madeline Boni,2.99,,,,https://cards.scryfall.io/large/front/f/a/fac8ac39-ecb4-4142-bf37-131c65660a9b.jpg?1775235811,https://scryfall.com/card/sos/40/campus-composer-aqueous-aria,fac8ac39-ecb4-4142-bf37-131c65660a9b
,,SOA,14,en,M,Cyclonic Rift,{1}{U},2.0,Instant,Matthew G. Lewis,,,,,https://cards.scryfall.io/large/front/7/0/7037f57a-ca89-41bd-bf7f-2f54593c0f48.jpg?1775451964,https://scryfall.com/card/soa/14/cyclonic-rift,7037f57a-ca89-41bd-bf7f-2f54593c0f48
,,SOA,15,en,R,Daze,{1}{U},2.0,Instant,Lenka Šimečková,,,,,https://cards.scryfall.io/large/front/9/d/9d9a5654-6795-4799-ae3b-5827bfdf7a97.jpg?1775679312,https://scryfall.com/card/soa/15/daze,9d9a5654-6795-4799-ae3b-5827bfdf7a97
,,SOA,16,en,U,Deduce,{1}{U},2.0,Instant,Dominik Mayer,,,0.52,,https://cards.scryfall.io/large/front/a/6/a6813cd2-7151-459a-a2f1-52808584de53.jpg?1774979535,https://scryfall.com/card/soa/16/deduce,a6813cd2-7151-459a-a2f1-52808584de53
,,SOS,42,en,C,Deluge Virtuoso,{2}{U},3.0,Creature — Human Wizard,Justine Cruz,,,,,https://cards.scryfall.io/large/front/2/e/2e3b16ed-8727-48fd-8b1f-c0cbd329385e.jpg?1775214471,https://scryfall.com/card/sos/42/deluge-virtuoso,2e3b16ed-8727-48fd-8b1f-c0cbd329385e
,,SOA,17,en,U,Disdainful Stroke,{1}{U},2.0,Instant,Matthew G. Lewis,1.5,,0.45,,https://cards.scryfall.io/large/front/3/a/3a057032-6ece-4aa7-8e99-df2a07359b2b.jpg?1774979748,https://scryfall.com/card/soa/17/disdainful-stroke,3a057032-6ece-4aa7-8e99-df2a07359b2b
,,SOS,43,en,U,Divergent Equation,{X}{X}{U},1.0,Instant,Inkognit,,,,,https://cards.scryfall.io/large/front/2/6/26295e25-f1bf-4665-ba00-dad35c49bbc2.jpg?1775561050,https://scryfall.com/card/sos/43/divergent-equation,26295e25-f1bf-4665-ba00-dad35c49bbc2
,,SOS,44,en,M,Echocasting Symposium,{4}{U}{U},6.0,Sorcery — Lesson,Fajareka Setiawan,,,,,https://cards.scryfall.io/large/front/5/d/5d7086a7-dc42-468a-a2cf-a6f89030f947.jpg?1775561071,https://scryfall.com/card/sos/44/echocasting-symposium,5d7086a7-dc42-468a-a2cf-a6f89030f947
,,SOS,45,en,M,Emeritus of Ideation // Ancestral Recall,{3}{U}{U} // {U},5.0,Creature — Human Wizard // Instant,Evyn Fong,62.75,199.96,44.64,,https://cards.scryfall.io/large/front/7/5/75961d36-acf6-425f-9698-0bf52af74f31.jpg?1775235817,https://scryfall.com/card/sos/45/emeritus-of-ideation-ancestral-recall,75961d36-acf6-425f-9698-0bf52af74f31
,,SOS,46,en,U,Encouraging Aviator // Jump,{2}{U} // {U},3.0,Creature — Bird Wizard // Instant,Oriana Menendez,,,,,https://cards.scryfall.io/large/front/7/2/72654b84-9902-41db-92ab-a3499c31221c.jpg?1775706243,https://scryfall.com/card/sos/46/encouraging-aviator-jump,72654b84-9902-41db-92ab-a3499c31221c
,,SOS,48,en,R,Exhibition Tidecaller,{U},1.0,Creature — Djinn Wizard,Tulio Brito,6.42,,7.51,,https://cards.scryfall.io/large/front/a/5/a58c364e-d0c5-41b9-8c8b-2e5a99468cc7.jpg?1775010153,https://scryfall.com/card/sos/48/exhibition-tidecaller,a58c364e-d0c5-41b9-8c8b-2e5a99468cc7
,,SOS,49,en,U,Flow State,{1}{U},2.0,Sorcery,Genel Jumalon,4.13,6.19,3.07,,https://cards.scryfall.io/large/front/4/7/47d6093b-b1b6-4956-8bfd-02cce899f832.jpg?1775706254,https://scryfall.com/card/sos/49/flow-state,47d6093b-b1b6-4956-8bfd-02cce899f832
,,SOA,18,en,M,Flusterstorm,{U},1.0,Instant,Justin Hernandez & Alexis Hernandez,,,,,https://cards.scryfall.io/large/front/b/a/ba8fa9db-f24f-46d4-add1-71b7f77636e2.jpg?1775354894,https://scryfall.com/card/soa/18/flusterstorm,ba8fa9db-f24f-46d4-add1-71b7f77636e2
,,SOA,19,en,M,Force of Will,{3}{U}{U},5.0,Instant,Rovina Cai,81.64,,,,https://cards.scryfall.io/large/front/7/a/7a87f8bc-1b3e-4cb2-9343-5f008e942411.jpg?1774979920,https://scryfall.com/card/soa/19/force-of-will,7a87f8bc-1b3e-4cb2-9343-5f008e942411
,,SOS,50,en,U,Fractal Anomaly,{U},1.0,Instant,Steve Ellis,,,,,https://cards.scryfall.io/large/front/e/1/e1975a61-aef0-49a6-a6d6-c3a37e2e2b22.jpg?1775561107,https://scryfall.com/card/sos/50/fractal-anomaly,e1975a61-aef0-49a6-a6d6-c3a37e2e2b22
,,SOS,51,en,U,Fractalize,{X}{U},1.0,Instant,Andrew Mar,,,,,https://cards.scryfall.io/large/front/e/3/e3c3b19b-01b6-4f5a-b428-513b778c5d89.jpg?1775561002,https://scryfall.com/card/sos/51/fractalize,e3c3b19b-01b6-4f5a-b428-513b778c5d89
,,SOS,52,en,R,Harmonized Trio // Brainstorm,{U} // {U},1.0,Creature — Merfolk Bard Wizard // Instant,Marie Magny,1.5,,,,https://cards.scryfall.io/large/front/6/1/617208ff-dd9b-44fd-a740-d3188081e5cc.jpg?1775561080,https://scryfall.com/card/sos/52/harmonized-trio-brainstorm,617208ff-dd9b-44fd-a740-d3188081e5cc
,,SOS,53,en,U,Homesickness,{4}{U}{U},6.0,Instant,Caroline Gariba,,,,,https://cards.scryfall.io/large/front/6/e/6e4a1f82-b0b1-4608-91f8-130bee731435.jpg?1775706265,https://scryfall.com/card/sos/53/homesickness,6e4a1f82-b0b1-4608-91f8-130bee731435
,,SOS,55,en,R,"Jadzi, Steward of Fate // Oracle's Gift",{2}{U} // {X}{X}{U},3.0,Legendary Creature — Human Wizard // Sorcery,Martina Fačková,,,,,https://cards.scryfall.io/large/front/a/9/a95b6baf-01e6-49c3-9a26-394b127d53c3.jpg?1775561026,https://scryfall.com/card/sos/55/jadzi-steward-of-fate-oracles-gift,a95b6baf-01e6-49c3-9a26-394b127d53c3
,,SOS,56,en,C,Landscape Painter // Vibrant Idea,{1}{U} // {4}{U},2.0,Creature — Merfolk Wizard // Sorcery,Vincent Christiaens,,,,,https://cards.scryfall.io/large/front/c/0/c0bd30c4-3cdf-4eda-8be5-0fb5e5ddddbf.jpg?1775235829,https://scryfall.com/card/sos/56/landscape-painter-vibrant-idea,c0bd30c4-3cdf-4eda-8be5-0fb5e5ddddbf
,,SOS,57,en,R,Mana Sculpt,{1}{U}{U},3.0,Instant,Cristi Balanescu,15.43,,,,https://cards.scryfall.io/large/front/2/0/200c8e3d-c53b-40c7-a29a-fccc1281bfc6.jpg?1775214564,https://scryfall.com/card/sos/57/mana-sculpt,200c8e3d-c53b-40c7-a29a-fccc1281bfc6
,,SOS,58,en,M,Mathemagics,{X}{X}{U}{U},2.0,Sorcery,Liiga Smilshkalne,10.5,,10.49,,https://cards.scryfall.io/large/front/c/d/cd3cc172-5609-4bc8-9d84-50680fed6df9.jpg?1769518467,https://scryfall.com/card/sos/58/mathemagics,cd3cc172-5609-4bc8-9d84-50680fed6df9
,,SOS,60,en,U,Muse Seeker,{1}{U},2.0,Creature — Elf Wizard,Dan Murayama Scott,,,,,https://cards.scryfall.io/large/front/7/1/71cb4a6b-b500-4b28-bcdb-ec4188242f39.jpg?1775214449,https://scryfall.com/card/sos/60/muse-seeker,71cb4a6b-b500-4b28-bcdb-ec4188242f39
,,SOS,61,en,C,Muse's Encouragement,{4}{U},5.0,Instant,Oriana Menendez,1.0,,,,https://cards.scryfall.io/large/front/c/5/c59e0004-1d6a-42a1-8ce4-31da2af2e1bf.jpg?1775214676,https://scryfall.com/card/sos/61/muses-encouragement,c59e0004-1d6a-42a1-8ce4-31da2af2e1bf
,,SOS,62,en,U,"Orysa, Tide Choreographer",{4}{U},5.0,Legendary Creature — Merfolk Bard,Anna Pavleeva,,3.0,,,https://cards.scryfall.io/large/front/0/1/010ed379-63f5-452c-9cd4-00d51647c0e3.jpg?1775214478,https://scryfall.com/card/sos/62/orysa-tide-choreographer,010ed379-63f5-452c-9cd4-00d51647c0e3
,,SOS,63,en,R,Pensive Professor,{1}{U}{U},3.0,Creature — Human Wizard,Billy Christian,12.05,22.0,3.76,,https://cards.scryfall.io/large/front/6/6/66d47940-84f9-4479-8562-45e5148435d4.jpg?1774972536,https://scryfall.com/card/sos/63/pensive-professor,66d47940-84f9-4479-8562-45e5148435d4
,,SOA,20,en,R,Pongify,{U},1.0,Instant,Dominik Mayer,6.0,,,,https://cards.scryfall.io/large/front/5/7/5780936e-629d-4737-9005-651234f5426d.jpg?1775561126,https://scryfall.com/card/soa/20/pongify,5780936e-629d-4737-9005-651234f5426d
,,SOA,21,en,R,Preordain,{U},1.0,Sorcery,Aitor Sebastián,,,,,https://cards.scryfall.io/large/front/8/2/8221b564-acf0-4d82-94f5-2ba1337ff5e1.jpg?1775679319,https://scryfall.com/card/soa/21/preordain,8221b564-acf0-4d82-94f5-2ba1337ff5e1
,,SOS,64,en,C,Procrastinate,{X}{U},1.0,Sorcery,Elizabeth Peiró,0.9,,0.15,,https://cards.scryfall.io/large/front/1/e/1edb449d-620f-4e21-9d76-2c840635eb9d.jpg?1774972590,https://scryfall.com/card/sos/64/procrastinate,1edb449d-620f-4e21-9d76-2c840635eb9d
,,SOS,67,en,R,Skycoach Conductor // All Aboard,{2}{U} // {U},3.0,Creature — Bird Pilot // Instant,Christina Kraus,,,,,https://cards.scryfall.io/large/front/4/e/4ecbca71-9a1d-44c5-b709-d6f565941d5e.jpg?1775680370,https://scryfall.com/card/sos/67/skycoach-conductor-all-aboard,4ecbca71-9a1d-44c5-b709-d6f565941d5e
,,SOA,22,en,U,Sleight of Hand,{U},1.0,Sorcery,Dominik Mayer,,,,,https://cards.scryfall.io/large/front/c/8/c837c418-2fe9-4ce8-b76d-c37241579a93.jpg?1775739917,https://scryfall.com/card/soa/22/sleight-of-hand,c837c418-2fe9-4ce8-b76d-c37241579a93
,,SOA,23,en,U,Spell Pierce,{U},1.0,Instant,Paul Adam,,,,,https://cards.scryfall.io/large/front/b/c/bc8f80e2-dd9d-4abc-b44c-fbef4d403e6f.jpg?1775679326,https://scryfall.com/card/soa/23/spell-pierce,bc8f80e2-dd9d-4abc-b44c-fbef4d403e6f
,,SOA,24,en,U,Stock Up,{2}{U},3.0,Sorcery,Dominik Mayer,15.36,35.99,9.49,,https://cards.scryfall.io/large/front/a/d/ad048b7c-588f-4c34-906f-4224f1aaaeb6.jpg?1774765342,https://scryfall.com/card/soa/24/stock-up,ad048b7c-588f-4c34-906f-4224f1aaaeb6
,,SOS,69,en,U,Tester of the Tangential,{1}{U},2.0,Creature — Djinn Wizard,Lorenzo Mastroianni,,,,,https://cards.scryfall.io/large/front/b/b/bbd708ec-eef4-4f45-99dd-60e1cec4b991.jpg?1775561058,https://scryfall.com/card/sos/69/tester-of-the-tangential,bbd708ec-eef4-4f45-99dd-60e1cec4b991
,,SOS,71,en,R,Wisdom of Ages,{4}{U}{U}{U},7.0,Sorcery,Jabari Weathers,,,3.43,,https://cards.scryfall.io/large/front/b/2/b227ef04-33e4-44e8-a357-0ea3dfe5d49b.jpg?1774972712,https://scryfall.com/card/sos/71/wisdom-of-ages,b227ef04-33e4-44e8-a357-0ea3dfe5d49b
,,SOA,25,en,M,Ad Nauseam,{3}{B}{B},5.0,Instant,Matthew G. Lewis,,,,,https://cards.scryfall.io/large/front/7/6/763fb195-6fd1-428a-b129-ec688f7b0066.jpg?1775679333,https://scryfall.com/card/soa/25/ad-nauseam,763fb195-6fd1-428a-b129-ec688f7b0066
,,SOS,73,en,U,Arcane Omens,{4}{B},5.0,Sorcery,Antonio José Manzanedo,,,,,https://cards.scryfall.io/large/front/d/3/d357d997-9d4e-4ade-81f2-37629853f13a.jpg?1774350663,https://scryfall.com/card/sos/73/arcane-omens,d357d997-9d4e-4ade-81f2-37629853f13a
,,SOA,26,en,U,Bitter Triumph,{1}{B},2.0,Instant,Justin Hernandez & Alexis Hernandez,,,,,https://cards.scryfall.io/large/front/d/b/db465858-0593-4850-8f1d-400fe230a18d.jpg?1775703753,https://scryfall.com/card/soa/26/bitter-triumph,db465858-0593-4850-8f1d-400fe230a18d
,,SOA,27,en,R,Culling the Weak,{B},1.0,Instant,Aitor Sebastián,,,,,https://cards.scryfall.io/large/front/6/c/6c84aa77-bcb0-4a59-b94c-8cb9cbf6af76.jpg?1775679347,https://scryfall.com/card/soa/27/culling-the-weak,6c84aa77-bcb0-4a59-b94c-8cb9cbf6af76
,,SOS,78,en,M,Decorum Dissertation,{3}{B}{B},5.0,Sorcery — Lesson,Mila Pesic,,,,,https://cards.scryfall.io/large/front/f/4/f4ab2d9b-c73d-478d-aac7-4d3bb24296d2.jpg?1775706293,https://scryfall.com/card/sos/78/decorum-dissertation,f4ab2d9b-c73d-478d-aac7-4d3bb24296d2
,,SOA,28,en,R,Dismember,{1}{B/P}{B/P},3.0,Instant,Matthew G. Lewis,,,,,https://cards.scryfall.io/large/front/9/4/94c131d2-6b55-456c-a30d-e5ffb6d5efd7.jpg?1775679355,https://scryfall.com/card/soa/28/dismember,94c131d2-6b55-456c-a30d-e5ffb6d5efd7
,,SOS,79,en,U,Dissection Practice,{B},1.0,Instant,Steve Ellis,,,,,https://cards.scryfall.io/large/front/d/d/ddbf1242-6832-475e-9a77-65dd9b4bb32a.jpg?1775717978,https://scryfall.com/card/sos/79/dissection-practice,ddbf1242-6832-475e-9a77-65dd9b4bb32a
,,SOS,81,en,U,End of the Hunt,{1}{B},2.0,Sorcery,Alexandre Honoré,,,,,https://cards.scryfall.io/large/front/0/8/0809b51a-6a05-4f18-9bf4-1b8382da648f.jpg?1775702574,https://scryfall.com/card/sos/81/end-of-the-hunt,0809b51a-6a05-4f18-9bf4-1b8382da648f
,,SOS,82,en,U,Eternal Student,{3}{B},4.0,Creature — Zombie Warlock,Ksenia Kim,,,,,https://cards.scryfall.io/large/front/f/9/f97fac69-3e77-4150-9702-cc726daa6d21.jpg?1775733123,https://scryfall.com/card/sos/82/eternal-student,f97fac69-3e77-4150-9702-cc726daa6d21
,,SOA,29,en,U,Feed the Swarm,{1}{B},2.0,Sorcery,Paul Adam,,,,,https://cards.scryfall.io/large/front/a/0/a041cfe3-a02d-41e2-aea3-76bc2bacc10e.jpg?1775679362,https://scryfall.com/card/soa/29/feed-the-swarm,a041cfe3-a02d-41e2-aea3-76bc2bacc10e
,,SOS,83,en,U,Foolish Fate,{2}{B},3.0,Instant,Danny Schwartz,,,,,https://cards.scryfall.io/large/front/d/2/d278f4c9-d20b-4a76-8c5c-4d3e985948b9.jpg?1775774494,https://scryfall.com/card/sos/83/foolish-fate,d278f4c9-d20b-4a76-8c5c-4d3e985948b9
,,SOS,85,en,R,Grave Researcher // Reanimate,{2}{B} // {B},3.0,Creature — Troll Warlock // Sorcery,Izzy,14.5,,12.65,,https://cards.scryfall.io/large/front/8/b/8b1e10e8-ea14-4761-910b-4072e2a18456.jpg?1775235820,https://scryfall.com/card/sos/85/grave-researcher-reanimate,8b1e10e8-ea14-4761-910b-4072e2a18456
,,SOA,30,en,M,Living End,"",0.0,Sorcery,Aitor Sebastián,,,,,https://cards.scryfall.io/large/front/7/7/77cf5316-a0bf-4dbc-a388-01d6825c85b1.jpg?1775679370,https://scryfall.com/card/soa/30/living-end,77cf5316-a0bf-4dbc-a388-01d6825c85b1
,,SOA,31,en,U,Locust Spray,{B},1.0,Instant,Aitor Sebastián,,,,,https://cards.scryfall.io/large/front/b/2/b221e1e9-7b14-4444-ac1c-3d5174c711e9.jpg?1775679472,https://scryfall.com/card/soa/31/locust-spray,b221e1e9-7b14-4444-ac1c-3d5174c711e9
,,SOS,92,en,U,Poisoner's Apprentice,{2}{B},3.0,Creature — Orc Warlock,Kieran Yanner,,,,,https://cards.scryfall.io/large/front/3/7/3755a2e9-af55-4625-a006-2a86c7893a96.jpg?1775741623,https://scryfall.com/card/sos/92/poisoners-apprentice,3755a2e9-af55-4625-a006-2a86c7893a96
,,SOS,93,en,R,Postmortem Professor,{1}{B},2.0,Creature — Zombie Warlock,Nino Vecia,,,,,https://cards.scryfall.io/large/front/1/7/174f5d7e-5d36-4d13-96bf-9b12cd644716.jpg?1775733773,https://scryfall.com/card/sos/93/postmortem-professor,174f5d7e-5d36-4d13-96bf-9b12cd644716
,,SOS,328,en,R,Pox Plague,{B}{B}{B}{B}{B},5.0,Sorcery,Camille Alquier,,,,,https://cards.scryfall.io/large/front/c/b/cb66cb9b-9877-4146-901c-5f2cbfe86c73.jpg?1775741876,https://scryfall.com/card/sos/328/pox-plague,cb66cb9b-9877-4146-901c-5f2cbfe86c73
,,SOS,95,en,C,Pull from the Grave,{2}{B},3.0,Sorcery,Pauline Voss,1.9,,0.12,,https://cards.scryfall.io/large/front/d/7/d73612fe-8992-4650-a7e3-c7b662da6a03.jpg?1774436553,https://scryfall.com/card/sos/95/pull-from-the-grave,d73612fe-8992-4650-a7e3-c7b662da6a03
,,SOS,97,en,M,"Ral Zarek, Guest Lecturer",{1}{B}{B},3.0,Legendary Planeswalker — Ral,Billy Christian,32.52,,23.29,,https://cards.scryfall.io/large/front/8/f/8fbad757-4081-42f7-a460-68ac03e77510.jpg?1774973168,https://scryfall.com/card/sos/97/ral-zarek-guest-lecturer,8fbad757-4081-42f7-a460-68ac03e77510
,,SOS,99,en,R,Scheming Silvertongue // Sign in Blood,{1}{B} // {B}{B},2.0,Creature — Vampire Warlock // Sorcery,Anna Steinbauer,,,,,https://cards.scryfall.io/large/front/f/e/fe85a124-0d8b-4a29-8df1-65888a39147f.jpg?1775732925,https://scryfall.com/card/sos/99/scheming-silvertongue-sign-in-blood,fe85a124-0d8b-4a29-8df1-65888a39147f
,,SOA,33,en,R,Smallpox,{B}{B},2.0,Sorcery,Lorenzo Gaggiotti,5.0,10.0,3.09,,https://cards.scryfall.io/large/front/0/f/0f6f64b9-145c-4ed2-b90c-cbcf021b353d.jpg?1775148186,https://scryfall.com/card/soa/33/smallpox,0f6f64b9-145c-4ed2-b90c-cbcf021b353d
,,SOA,34,en,U,Stargaze,{X}{B}{B},2.0,Sorcery,Paul Adam,,,,,https://cards.scryfall.io/large/front/5/c/5c9caa7b-0268-4606-a71d-82dff16e6418.jpg?1775679482,https://scryfall.com/card/soa/34/stargaze,5c9caa7b-0268-4606-a71d-82dff16e6418
,,SOS,102,en,R,Tragedy Feaster,{2}{B}{B},4.0,Creature — Demon,Raph Lomotan,,,,,https://cards.scryfall.io/large/front/b/9/b93cbaad-8ed8-4a1d-b95a-20a616dfedc9.jpg?1775701134,https://scryfall.com/card/sos/102/tragedy-feaster,b93cbaad-8ed8-4a1d-b95a-20a616dfedc9
,,SOA,35,en,M,Vampiric Tutor,{B},1.0,Instant,Paul Adam,58.1,154.99,,,https://cards.scryfall.io/large/front/d/b/db68c546-aca8-45d0-bf45-15b951ce66e5.jpg?1774984663,https://scryfall.com/card/soa/35/vampiric-tutor,db68c546-aca8-45d0-bf45-15b951ce66e5
,,SOS,105,en,M,Withering Curse,{1}{B}{B},3.0,Sorcery,Tuan Duong Chu,28.29,,,,https://cards.scryfall.io/large/front/5/0/50aaf618-dddb-4cbe-8231-d634b4498563.jpg?1774973234,https://scryfall.com/card/sos/105/withering-curse,50aaf618-dddb-4cbe-8231-d634b4498563
,,SOA,36,en,U,Zombify,{3}{B},4.0,Sorcery,Eleonor Piteira,,,,,https://cards.scryfall.io/large/front/d/f/dfec5854-70c7-4e4b-9979-58775dd7a181.jpg?1775679488,https://scryfall.com/card/soa/36/zombify,dfec5854-70c7-4e4b-9979-58775dd7a181
,,SOA,37,en,U,Abrade,{1}{R},2.0,Instant,Barbara Rosiak,,,,,https://cards.scryfall.io/large/front/c/5/c5bb5307-e874-42c4-b85d-06b9f6c474c8.jpg?1775679495,https://scryfall.com/card/soa/37/abrade,c5bb5307-e874-42c4-b85d-06b9f6c474c8
,,SOS,107,en,U,Archaic's Agony,{4}{R},5.0,Sorcery,Joshua Raphael,1.9,,,,https://cards.scryfall.io/large/front/8/d/8d99f8b2-5c1c-4059-bf68-c6b2e9e5b275.jpg?1774350562,https://scryfall.com/card/sos/107/archaics-agony,8d99f8b2-5c1c-4059-bf68-c6b2e9e5b275
,,SOS,108,en,U,Artistic Process,{3}{R}{R},5.0,Sorcery,Mariah Tekulve,,,,,https://cards.scryfall.io/large/front/b/c/bce9d933-be58-4301-beb4-07b04d0b69f0.jpg?1775215015,https://scryfall.com/card/sos/108/artistic-process,bce9d933-be58-4301-beb4-07b04d0b69f0
,,SOA,38,en,R,Big Score,{3}{R},4.0,Instant,Zuzanna Wużyk,5.0,,,,https://cards.scryfall.io/large/front/c/7/c7b698a1-dff1-413f-ba4f-0298c686999a.jpg?1775561140,https://scryfall.com/card/soa/38/big-score,c7b698a1-dff1-413f-ba4f-0298c686999a
,,SOA,39,en,R,Brotherhood's End,{1}{R}{R},3.0,Sorcery,Dominik Mayer,,,,,https://cards.scryfall.io/large/front/9/8/98a399fa-822d-4e8c-8be0-fa929c9bbd4d.jpg?1775679502,https://scryfall.com/card/soa/39/brotherhoods-end,98a399fa-822d-4e8c-8be0-fa929c9bbd4d
,,SOA,40,en,U,Bulk Up,{1}{R},2.0,Instant,A. M. Sartor,,,,,https://cards.scryfall.io/large/front/e/8/e86fcad5-8150-4a76-b27e-47a9f05745c1.jpg?1775679509,https://scryfall.com/card/soa/40/bulk-up,e86fcad5-8150-4a76-b27e-47a9f05745c1
,,SOA,41,en,U,Burst Lightning,{R},1.0,Instant,Eleonor Piteira,,,,,https://cards.scryfall.io/large/front/f/9/f98b402a-ecdb-432f-a050-65945c8c415d.jpg?1775679516,https://scryfall.com/card/soa/41/burst-lightning,f98b402a-ecdb-432f-a050-65945c8c415d
,,SOA,42,en,M,Crackle with Power,{X}{X}{X}{R}{R},2.0,Sorcery,Lenka Šimečková,15.0,,,,https://cards.scryfall.io/large/front/6/d/6d4e121d-c46c-4028-9582-3bb9c1621cbb.jpg?1775679523,https://scryfall.com/card/soa/42/crackle-with-power,6d4e121d-c46c-4028-9582-3bb9c1621cbb
,,SOS,112,en,U,Duel Tactics,{R},1.0,Sorcery,Craig J Spearing,,,0.69,,https://cards.scryfall.io/large/front/8/f/8f3a1675-0cc7-4dfd-a12e-4740a2cf81e8.jpg?1775010805,https://scryfall.com/card/sos/112/duel-tactics,8f3a1675-0cc7-4dfd-a12e-4740a2cf81e8
,,SOS,113,en,M,Emeritus of Conflict // Lightning Bolt,{1}{R} // {R},2.0,Creature — Human Wizard // Instant,Alix Branwyn,9.99,,,,https://cards.scryfall.io/large/front/f/5/f58dba4f-1abb-47a3-a684-29c32bab95c0.jpg?1775474766,https://scryfall.com/card/sos/113/emeritus-of-conflict-lightning-bolt,f58dba4f-1abb-47a3-a684-29c32bab95c0
,,SOA,43,en,R,Empty the Warrens,{3}{R},4.0,Sorcery,Justin Hernandez & Alexis Hernandez,,,,,https://cards.scryfall.io/large/front/6/2/622daabf-987d-4311-b3d3-b27d62cd5e6e.jpg?1775703780,https://scryfall.com/card/soa/43/empty-the-warrens,622daabf-987d-4311-b3d3-b27d62cd5e6e
,,SOS,114,en,C,Expressive Firedancer,{1}{R},2.0,Creature — Human Sorcerer,Billy Christian,1.99,,,,https://cards.scryfall.io/large/front/2/5/259b8c45-6241-4206-a34e-34c7f401f47b.jpg?1775214716,https://scryfall.com/card/sos/114/expressive-firedancer,259b8c45-6241-4206-a34e-34c7f401f47b
,,SOS,115,en,R,Flashback,{R},1.0,Instant,Flavio Greco Paglia,13.18,24.0,,,https://cards.scryfall.io/large/front/1/b/1b832fda-d7c4-4566-884c-2a8b6da15488.jpg?1775214762,https://scryfall.com/card/sos/115/flashback,1b832fda-d7c4-4566-884c-2a8b6da15488
,,SOS,116,en,U,Garrison Excavator,{3}{R},4.0,Creature — Orc Sorcerer,Cristi Balanescu,,,,,https://cards.scryfall.io/large/front/f/1/f11d2846-f181-4751-82ac-1e1ced6f46c7.jpg?1775474430,https://scryfall.com/card/sos/116/garrison-excavator,f11d2846-f181-4751-82ac-1e1ced6f46c7
,,SOS,118,en,C,Heated Argument,{4}{R},5.0,Instant,Aleksi Briclot,,,,,https://cards.scryfall.io/large/front/0/0/0038d212-3d95-4f98-8c2e-7b2404d0ced7.jpg?1774868584,https://scryfall.com/card/sos/118/heated-argument,0038d212-3d95-4f98-8c2e-7b2404d0ced7
,,SOS,119,en,U,Impractical Joke,{R},1.0,Sorcery,Caroline Gariba,,,,,https://cards.scryfall.io/large/front/3/9/39a816b4-39b8-421c-b828-68db901d34b7.jpg?1775706352,https://scryfall.com/card/sos/119/impractical-joke,39a816b4-39b8-421c-b828-68db901d34b7
,,SOS,120,en,M,Improvisation Capstone,{5}{R}{R},7.0,Sorcery — Lesson,Marta Nael,22.41,,8.46,,https://cards.scryfall.io/large/front/d/0/d01fe6e9-49ee-4708-833e-75cd5a9f167c.jpg?1774973398,https://scryfall.com/card/sos/120/improvisation-capstone,d01fe6e9-49ee-4708-833e-75cd5a9f167c
,,SOA,44,en,M,Jeska's Will,{2}{R},3.0,Sorcery,Eliot Baum,,,,,https://cards.scryfall.io/large/front/a/a/aa1e5db0-4cd8-4d42-bde1-3e3d0041339f.jpg?1775731823,https://scryfall.com/card/soa/44/jeskas-will,aa1e5db0-4cd8-4d42-bde1-3e3d0041339f
,,SOS,122,en,R,Maelstrom Artisan // Rocket Volley,{1}{R}{R} // {1}{R},3.0,Creature — Minotaur Sorcerer // Sorcery,Eelis Kyttanen,10.45,,,,https://cards.scryfall.io/large/front/5/c/5c88391d-271f-4021-a5d9-158ebc1e6357.jpg?1775235838,https://scryfall.com/card/sos/122/maelstrom-artisan-rocket-volley,5c88391d-271f-4021-a5d9-158ebc1e6357
,,SOS,123,en,R,Magmablood Archaic,{2/R}{2/R}{2/R},6.0,Creature — Avatar,Joshua Raphael,,,,,https://cards.scryfall.io/large/front/4/d/4d611278-9948-4345-b4dd-aa6eaf21b233.jpg?1775706363,https://scryfall.com/card/sos/123/magmablood-archaic,4d611278-9948-4345-b4dd-aa6eaf21b233
,,SOS,124,en,U,"Mica, Reader of Ruins",{3}{R},4.0,Legendary Creature — Human Artificer,Josu Hernaiz,,,,,https://cards.scryfall.io/large/front/9/4/949ad3ff-9e80-493c-a3ae-146b919bfcd7.jpg?1775474733,https://scryfall.com/card/sos/124/mica-reader-of-ruins,949ad3ff-9e80-493c-a3ae-146b919bfcd7
,,SOS,125,en,R,Molten-Core Maestro,{1}{R},2.0,Creature — Goblin Bard,Aleksi Briclot,12.08,,8.4,,https://cards.scryfall.io/large/front/3/2/326dfe32-3674-4a11-acd8-5ba62371235a.jpg?1775010013,https://scryfall.com/card/sos/125/molten-core-maestro,326dfe32-3674-4a11-acd8-5ba62371235a
,,SOA,45,en,U,Monstrous Rage,{R},1.0,Instant,Lorenzo Gaggiotti,,,,,https://cards.scryfall.io/large/front/4/b/4b2e000b-a147-443b-9138-9ff2d16c0422.jpg?1775679536,https://scryfall.com/card/soa/45/monstrous-rage,4b2e000b-a147-443b-9138-9ff2d16c0422
,,SOA,46,en,R,Pyretic Ritual,{1}{R},2.0,Instant,Justin Hernandez & Alexis Hernandez,,,,,https://cards.scryfall.io/large/front/e/4/e4507ef5-0d30-42ca-b305-f99c6e10432b.jpg?1775703804,https://scryfall.com/card/soa/46/pyretic-ritual,e4507ef5-0d30-42ca-b305-f99c6e10432b
,,SOA,47,en,U,Return the Favor,{R}{R},2.0,Instant,Aitor Sebastián,,,,,https://cards.scryfall.io/large/front/e/9/e968efff-635b-4780-9bbe-099e75a1841b.jpg?1775679552,https://scryfall.com/card/soa/47/return-the-favor,e968efff-635b-4780-9bbe-099e75a1841b
,,SOS,129,en,C,Seize the Spoils,{2}{R},3.0,Sorcery,"Josiah ""Jo"" Cameron",0.95,,0.25,,https://cards.scryfall.io/large/front/4/d/4ddf4e34-a1f9-4636-942d-0a08e9f94320.jpg?1775054051,https://scryfall.com/card/sos/129/seize-the-spoils,4ddf4e34-a1f9-4636-942d-0a08e9f94320
,,SOS,130,en,R,Steal the Show,{2}{R},3.0,Sorcery,Pauline Voss,19.91,,,,https://cards.scryfall.io/large/front/7/a/7ac6649f-980e-4404-9c05-458c30578ecc.jpg?1775215027,https://scryfall.com/card/sos/130/steal-the-show,7ac6649f-980e-4404-9c05-458c30578ecc
,,SOA,48,en,M,Subterranean Tremors,{X}{R},1.0,Sorcery,Zuzanna Wużyk,,,,,https://cards.scryfall.io/large/front/0/2/02a20564-90af-4dbd-bf5c-debc49e4f391.jpg?1774980342,https://scryfall.com/card/soa/48/subterranean-tremors,02a20564-90af-4dbd-bf5c-debc49e4f391
,,SOS,134,en,U,Thunderdrum Soloist,{1}{R},2.0,Creature — Dwarf Bard,Edgar Sánchez Hidalgo,2.99,,,,https://cards.scryfall.io/large/front/5/9/590d1d95-ed13-4121-899f-f5a2d8a6617a.jpg?1775214412,https://scryfall.com/card/sos/134/thunderdrum-soloist,590d1d95-ed13-4121-899f-f5a2d8a6617a
,,SOS,139,en,U,Additive Evolution,{3}{G}{G},5.0,Enchantment,"Josiah ""Jo"" Cameron",,,,,https://cards.scryfall.io/large/front/b/4/b44ec684-d558-45eb-bcd6-8119428634c2.jpg?1775702645,https://scryfall.com/card/sos/139/additive-evolution,b44ec684-d558-45eb-bcd6-8119428634c2
,,SOS,140,en,R,Ambitious Augmenter,{G},1.0,Creature — Turtle Wizard,Mariah Tekulve,12.82,,,,https://cards.scryfall.io/large/front/8/5/85629088-2007-4db5-9397-bac12a3d7498.jpg?1775561189,https://scryfall.com/card/sos/140/ambitious-augmenter,85629088-2007-4db5-9397-bac12a3d7498
,,SOA,49,en,M,Awaken the Woods,{X}{G}{G},2.0,Sorcery,Zuzanna Wużyk,,,,,https://cards.scryfall.io/large/front/9/1/914e582c-978f-46fd-b06b-1ff2c20e5506.jpg?1775679559,https://scryfall.com/card/soa/49/awaken-the-woods,914e582c-978f-46fd-b06b-1ff2c20e5506
,,SOA,50,en,M,Berserk,{G},1.0,Instant,Paul Adam,,,,,https://cards.scryfall.io/large/front/0/f/0fe6e7d3-7e33-4e6b-91c8-47fd4ba3cb5b.jpg?1775679566,https://scryfall.com/card/soa/50/berserk,0fe6e7d3-7e33-4e6b-91c8-47fd4ba3cb5b
,,SOA,51,en,R,Crop Rotation,{G},1.0,Instant,Paul Adam,,,,,https://cards.scryfall.io/large/front/d/5/d5d50e02-80c8-4b7d-9f51-7f1d79f9f263.jpg?1775679572,https://scryfall.com/card/soa/51/crop-rotation,d5d50e02-80c8-4b7d-9f51-7f1d79f9f263
,,SOS,144,en,C,Efflorescence,{2}{G},3.0,Instant,Tuan Duong Chu,,,,,https://cards.scryfall.io/large/front/7/9/79b9ace7-eceb-4f97-9ee7-d5ee3e0b3515.jpg?1775733139,https://scryfall.com/card/sos/144/efflorescence,79b9ace7-eceb-4f97-9ee7-d5ee3e0b3515
,,SOS,145,en,M,Emeritus of Abundance // Regrowth,{2}{G} // {1}{G},3.0,Creature — Elf Druid // Sorcery,Justyna Dura,19.65,,,,https://cards.scryfall.io/large/front/a/c/ac095763-6f4e-4d4e-9c99-414646368f8d.jpg?1775561203,https://scryfall.com/card/sos/145/emeritus-of-abundance-regrowth,ac095763-6f4e-4d4e-9c99-414646368f8d
,,SOS,147,en,U,Environmental Scientist,{1}{G},2.0,Creature — Human Druid,Piotr Dura,,,,,https://cards.scryfall.io/large/front/f/2/f2bf6b36-43e4-49d9-98b2-cbb4304c248b.jpg?1775562072,https://scryfall.com/card/sos/147/environmental-scientist,f2bf6b36-43e4-49d9-98b2-cbb4304c248b
,,SOS,149,en,M,Germination Practicum,{3}{G}{G},5.0,Sorcery — Lesson,Johan Grenier,,,,,https://cards.scryfall.io/large/front/a/b/abe8332f-c76e-44e2-9427-d1228453abec.jpg?1775741765,https://scryfall.com/card/sos/149/germination-practicum,abe8332f-c76e-44e2-9427-d1228453abec
,,SOA,52,en,U,Giant Growth,{G},1.0,Instant,Alex Stone,6.27,,0.52,,https://cards.scryfall.io/large/front/6/2/62652aa9-57e7-42a7-8f2f-62e9a6aefb16.jpg?1775098979,https://scryfall.com/card/soa/52/giant-growth,62652aa9-57e7-42a7-8f2f-62e9a6aefb16
,,SOA,53,en,R,Glimpse of Nature,{G},1.0,Sorcery,Dominik Mayer,,,,,https://cards.scryfall.io/large/front/7/c/7cb6fd05-0bd9-4f2f-b159-280aba98d3a5.jpg?1775679579,https://scryfall.com/card/soa/53/glimpse-of-nature,7cb6fd05-0bd9-4f2f-b159-280aba98d3a5
,,SOA,54,en,U,Knockout Maneuver,{2}{G},3.0,Sorcery,Olena Richards,,,,,https://cards.scryfall.io/large/front/4/2/42d90959-b88c-4321-b2af-78ac7aab9909.jpg?1775679586,https://scryfall.com/card/soa/54/knockout-maneuver,42d90959-b88c-4321-b2af-78ac7aab9909
,,SOS,153,en,U,Lumaret's Favor,{1}{G},2.0,Instant,Mariah Tekulve,1.96,,,,https://cards.scryfall.io/large/front/c/5/c5e7c856-8b71-44e6-8998-0b0b3ff0ef99.jpg?1775383284,https://scryfall.com/card/sos/153/lumarets-favor,c5e7c856-8b71-44e6-8998-0b0b3ff0ef99
,,SOS,156,en,C,Oracle's Restoration,{G},1.0,Sorcery,Elliot Lang,1.95,2.0,0.28,,https://cards.scryfall.io/large/front/0/8/0863a19d-4511-4a78-98dd-d194afd1c39b.jpg?1774618985,https://scryfall.com/card/sos/156/oracles-restoration,0863a19d-4511-4a78-98dd-d194afd1c39b
,,SOA,55,en,U,Pick Your Poison,{G},1.0,Sorcery,A. M. Sartor,,,,,https://cards.scryfall.io/large/front/a/1/a11f1013-d747-4cf2-bbf5-0bd68a949ddf.jpg?1775679848,https://scryfall.com/card/soa/55/pick-your-poison,a11f1013-d747-4cf2-bbf5-0bd68a949ddf
,,SOS,158,en,R,Planar Engineering,{3}{G},4.0,Sorcery,Liiga Smilshkalne,15.57,,,,https://cards.scryfall.io/large/front/c/8/c83b96a3-ddfd-4d11-8a85-5bf62087cbb9.jpg?1775561213,https://scryfall.com/card/sos/158/planar-engineering,c83b96a3-ddfd-4d11-8a85-5bf62087cbb9
,,SOA,56,en,U,Royal Treatment,{G},1.0,Instant,Eliot Baum,,,,,https://cards.scryfall.io/large/front/0/0/009bad41-5e96-4bb3-9f5e-66500fb8af29.jpg?1775703824,https://scryfall.com/card/soa/56/royal-treatment,009bad41-5e96-4bb3-9f5e-66500fb8af29
,,SOA,57,en,R,Shamanic Revelation,{3}{G}{G},5.0,Sorcery,Lorenzo Gaggiotti,,,,,https://cards.scryfall.io/large/front/5/d/5dc1904b-b0e6-49e5-9ef3-7ea538db202b.jpg?1775679864,https://scryfall.com/card/soa/57/shamanic-revelation,5dc1904b-b0e6-49e5-9ef3-7ea538db202b
,,SOA,58,en,U,Shared Roots,{1}{G},2.0,Sorcery — Lesson,Lenka Šimečková,,,,,https://cards.scryfall.io/large/front/3/a/3aeb1fe1-3ff3-466c-9eda-b8747702734c.jpg?1775680076,https://scryfall.com/card/soa/58/shared-roots,3aeb1fe1-3ff3-466c-9eda-b8747702734c
,,SOS,160,en,R,Slumbering Trudge,{X}{G},1.0,Creature — Plant Beast,Tuan Duong Chu,,,,,https://cards.scryfall.io/large/front/3/a/3a925370-58ac-4181-9acc-db7b0e0abf17.jpg?1775562091,https://scryfall.com/card/sos/160/slumbering-trudge,3a925370-58ac-4181-9acc-db7b0e0abf17
,,SOS,162,en,C,Studious First-Year // Rampant Growth,{G} // {1}{G},1.0,Creature — Bear Wizard // Sorcery,Mariah Tekulve,1.91,2.0,0.36,,https://cards.scryfall.io/large/front/2/4/24f888dd-785c-4089-a89c-03f9080130ed.jpg?1775235843,https://scryfall.com/card/sos/162/studious-first-year-rampant-growth,24f888dd-785c-4089-a89c-03f9080130ed
,,SOA,59,en,M,Triumph of the Hordes,{2}{G}{G},4.0,Sorcery,Aitor Sebastián,,,,,https://cards.scryfall.io/large/front/5/a/5a0bc9d4-d99d-48e1-aeca-d2e5b1c99a84.jpg?1775354526,https://scryfall.com/card/soa/59/triumph-of-the-hordes,5a0bc9d4-d99d-48e1-aeca-d2e5b1c99a84
,,SOS,166,en,R,Vastlands Scavenger // Bind to Life,{1}{G}{G} // {4}{G},3.0,Creature — Bear Druid // Instant,Bryan Sola,,,,,https://cards.scryfall.io/large/front/4/7/476b6a4d-cc05-4e98-8a45-a5c6582ec514.jpg?1775717310,https://scryfall.com/card/sos/166/vastlands-scavenger-bind-to-life,476b6a4d-cc05-4e98-8a45-a5c6582ec514
,,SOA,60,en,R,Veil of Summer,{G},1.0,Instant,Olena Richards,,,,,https://cards.scryfall.io/large/front/5/7/5724a4a3-dd66-4a66-af8b-5374119ecdfb.jpg?1775717383,https://scryfall.com/card/soa/60/veil-of-summer,5724a4a3-dd66-4a66-af8b-5374119ecdfb
,,SOS,143,en,R,"""Wildest Tea Party 4565 AR""",{1}{G},2.0,Enchantment,Chris Rahn,,,,,https://cards.scryfall.io/large/front/5/2/5223a04f-6b47-4379-80ce-8489c4a91734.jpg?1775718758,https://scryfall.com/card/sos/143/wildest-tea-party-4565-ar,5223a04f-6b47-4379-80ce-8489c4a91734
,,SOS,168,en,R,Wildgrowth Archaic,{2/G}{2/G},4.0,Creature — Avatar,Loïc Canavaggia,,,,,https://cards.scryfall.io/large/front/0/e/0e6e2188-7203-4d10-a838-27233f283cd5.jpg?1775706387,https://scryfall.com/card/sos/168/wildgrowth-archaic,0e6e2188-7203-4d10-a838-27233f283cd5
,,SOS,169,en,U,Zimone's Experiment,{3}{G},4.0,Sorcery,Izzy,,,,,https://cards.scryfall.io/large/front/a/6/a6597852-4267-4ea6-a391-f927e4833be2.jpg?1775562100,https://scryfall.com/card/sos/169/zimones-experiment,a6597852-4267-4ea6-a391-f927e4833be2
,,SOS,170,en,U,"Abigale, Poet Laureate // Heroic Stanza",{1}{W}{B} // {1}{W/B},3.0,Legendary Creature — Bird Bard // Sorcery,Olivier Bernard,1.9,,0.88,,https://cards.scryfall.io/large/front/7/7/77285d12-e658-4eb3-ba13-ff202afab9c8.jpg?1775235638,https://scryfall.com/card/sos/170/abigale-poet-laureate-heroic-stanza,77285d12-e658-4eb3-ba13-ff202afab9c8
,,SOS,182,en,R,Conciliator's Duelist,{W}{W}{B}{B},4.0,Creature — Kor Warlock,Andrew Mar,11.07,22.0,2.72,,https://cards.scryfall.io/large/front/e/2/e225929b-6197-4550-969e-3c4a97206a68.jpg?1775010742,https://scryfall.com/card/sos/182/conciliators-duelist,e225929b-6197-4550-969e-3c4a97206a68
,,SOS,188,en,R,Fix What's Broken,{2}{W}{B},4.0,Sorcery,Chris Rallis,,,,,https://cards.scryfall.io/large/front/c/0/c0cd1d71-8e4a-4e00-80cd-83aec231fa57.jpg?1775733147,https://scryfall.com/card/sos/188/fix-whats-broken,c0cd1d71-8e4a-4e00-80cd-83aec231fa57
,,SOS,196,en,C,Inkling Mascot,{W}{B},2.0,Creature — Inkling Cat,Inkognit,,,0.14,,https://cards.scryfall.io/large/front/6/d/6d4a2f39-0e1e-4076-815a-2676a09a1aab.jpg?1775010664,https://scryfall.com/card/sos/196/inkling-mascot,6d4a2f39-0e1e-4076-815a-2676a09a1aab
,,SOS,197,en,U,Killian's Confidence,{W}{B},2.0,Sorcery,Jodie Muir,,,,,https://cards.scryfall.io/large/front/5/5/55ff776a-fc3b-4338-8864-d57a85b3f123.jpg?1775732938,https://scryfall.com/card/sos/197/killians-confidence,55ff776a-fc3b-4338-8864-d57a85b3f123
,,SOS,205,en,R,Moment of Reckoning,{3}{W}{W}{B}{B},7.0,Sorcery,Néstor Ossandón Leal,,,,,https://cards.scryfall.io/large/front/5/7/577d9dc8-7720-4dc9-b650-64b4729b309b.jpg?1775732951,https://scryfall.com/card/sos/205/moment-of-reckoning,577d9dc8-7720-4dc9-b650-64b4729b309b
,,SOS,206,en,R,"Nita, Forum Conciliator",{1}{W}{B},3.0,Legendary Creature — Human Advisor,Jodie Muir,,,,,https://cards.scryfall.io/large/front/f/d/fd80a87d-35d3-4ad1-8172-c85e93032d1d.jpg?1775732973,https://scryfall.com/card/sos/206/nita-forum-conciliator,fd80a87d-35d3-4ad1-8172-c85e93032d1d
,,SOS,224,en,U,Scolding Administrator,{W}{B},2.0,Creature — Dwarf Cleric,Aleksi Briclot,,,,,https://cards.scryfall.io/large/front/6/9/69757177-aefa-44a6-81db-5ae9b5d2f117.jpg?1775733159,https://scryfall.com/card/sos/224/scolding-administrator,69757177-aefa-44a6-81db-5ae9b5d2f117
,,SOS,225,en,U,Silverquill Charm,{W}{B},2.0,Instant,Ksenia Kim,2.92,3.0,0.83,,https://cards.scryfall.io/large/front/3/e/3eb73579-f1c6-4762-81d2-9568ab501fac.jpg?1774977312,https://scryfall.com/card/sos/225/silverquill-charm,3eb73579-f1c6-4762-81d2-9568ab501fac
,,SOS,226,en,M,"Silverquill, the Disputant",{2}{W}{B},4.0,Legendary Creature — Elder Dragon,Antonio José Manzanedo,24.16,59.99,12.66,,https://cards.scryfall.io/large/front/1/7/1742c9cd-5ba0-4335-9999-acc7f9d4f73c.jpg?1775010262,https://scryfall.com/card/sos/226/silverquill-the-disputant,1742c9cd-5ba0-4335-9999-acc7f9d4f73c
,,SOS,227,en,U,Snooping Page,{1}{W}{B},3.0,Creature — Human Cleric,Alexandre Honoré,,,,,https://cards.scryfall.io/large/front/7/3/73d06987-8686-461b-b260-9a4fee6a3b32.jpg?1775788987,https://scryfall.com/card/sos/227/snooping-page,73d06987-8686-461b-b260-9a4fee6a3b32
,,SOS,228,en,U,Social Snub,{1}{W}{B},3.0,Sorcery,Raluca Marinescu,,,,,https://cards.scryfall.io/large/front/a/0/a04b6900-0436-4920-a0d4-c0186d605ae3.jpg?1775706403,https://scryfall.com/card/sos/228/social-snub,a04b6900-0436-4920-a0d4-c0186d605ae3
,,SOS,234,en,U,Stirring Honormancer,{2}{W}{W/B}{B},5.0,Creature — Rhino Bard,April Prime,,,,,https://cards.scryfall.io/large/front/e/e/ee84b04d-78fc-416f-9166-72e5417c3e17.jpg?1775733181,https://scryfall.com/card/sos/234/stirring-honormancer,ee84b04d-78fc-416f-9166-72e5417c3e17
,,SOS,180,en,R,Colorstorm Stallion,{1}{U}{R},3.0,Creature — Elemental Horse,Lorenzo Lanfranconi,5.76,,3.75,,https://cards.scryfall.io/large/front/f/5/f5b54d46-2caf-4d1b-8be1-dbd9e9dce058.jpg?1775010751,https://scryfall.com/card/sos/180/colorstorm-stallion,f5b54d46-2caf-4d1b-8be1-dbd9e9dce058
,,SOS,185,en,C,Elemental Mascot,{1}{U}{R},3.0,Creature — Elemental Bird,Justyna Dura,0.9,,0.14,,https://cards.scryfall.io/large/front/c/5/c507eb1c-48e9-4d28-bb2d-71f2a9df9ab0.jpg?1775010705,https://scryfall.com/card/sos/185/elemental-mascot,c507eb1c-48e9-4d28-bb2d-71f2a9df9ab0
,,SOS,211,en,U,Prismari Charm,{U}{R},2.0,Instant,Inkognit,2.92,3.0,0.93,,https://cards.scryfall.io/large/front/8/f/8f6c2a5e-fe13-407c-aadd-c9caf2884ff1.jpg?1775010530,https://scryfall.com/card/sos/211/prismari-charm,8f6c2a5e-fe13-407c-aadd-c9caf2884ff1
,,SOS,212,en,M,"Prismari, the Inspiration",{5}{U}{R},7.0,Legendary Creature — Elder Dragon,Justin Gerard,30.84,,21.39,,https://cards.scryfall.io/large/front/7/6/767ff9fa-4e7f-421a-b911-45186b520ae1.jpg?1775384901,https://scryfall.com/card/sos/212/prismari-the-inspiration,767ff9fa-4e7f-421a-b911-45186b520ae1
,,SOS,219,en,U,Rapturous Moment,{4}{U}{R},6.0,Sorcery,Evyn Fong,2.99,,,,https://cards.scryfall.io/large/front/2/1/21afe19d-881a-48cb-863e-22942bea5ebe.jpg?1775215193,https://scryfall.com/card/sos/219/rapturous-moment,21afe19d-881a-48cb-863e-22942bea5ebe
,,SOS,221,en,R,Resonating Lute,{2}{U}{R},4.0,Artifact,Edgar Sánchez Hidalgo,13.1,24.0,,,https://cards.scryfall.io/large/front/6/e/6ef168d6-28f2-4c24-9bfa-82c35663b729.jpg?1775215253,https://scryfall.com/card/sos/221/resonating-lute,6ef168d6-28f2-4c24-9bfa-82c35663b729
,,SOS,223,en,U,"Sanar, Unfinished Genius // Wild Idea",{U}{R} // {3}{U}{R},2.0,Legendary Creature — Goblin Sorcerer // Sorcery,Justin Gerard,2.9,,0.72,,https://cards.scryfall.io/large/front/1/7/173157aa-712d-44f2-89ba-dd2511a07f26.jpg?1775235835,https://scryfall.com/card/sos/223/sanar-unfinished-genius-wild-idea,173157aa-712d-44f2-89ba-dd2511a07f26
,,SOS,229,en,U,Spectacular Skywhale,{2}{U}{R},4.0,Creature — Elemental Whale,Serena Malyon,,,0.82,,https://cards.scryfall.io/large/front/c/9/c90366d5-b4ba-4772-a3c5-f138bbe7f305.jpg?1775184573,https://scryfall.com/card/sos/229/spectacular-skywhale,c90366d5-b4ba-4772-a3c5-f138bbe7f305
multiverse_id,mtgo_id,set,collector_number,lang,rarity,name,mana_cost,cmc,type_line,artist,usd_price,usd_foil_price,eur_price,tix_price,image_uri,scryfall_uri,scryfall_id
,,SOS,231,en,R,Splatter Technique,{1}{U}{U}{R}{R},5.0,Sorcery,Tuan Duong Chu,,,,,https://cards.scryfall.io/large/front/9/6/969b6657-c3b9-47e1-a42e-95bbcccf452d.jpg?1775215240,https://scryfall.com/card/sos/231/splatter-technique,969b6657-c3b9-47e1-a42e-95bbcccf452d
,,SOS,235,en,U,Stress Dream,{3}{U}{R},5.0,Instant,Edgar Sánchez Hidalgo,,,,,https://cards.scryfall.io/large/front/1/e/1ec40a1b-51e7-4a35-966c-ab2a10f21a80.jpg?1775010248,https://scryfall.com/card/sos/235/stress-dream,1ec40a1b-51e7-4a35-966c-ab2a10f21a80
,,SOS,239,en,R,Traumatic Critique,{X}{U}{R},2.0,Instant,Aaron Miller,19.91,,,,https://cards.scryfall.io/large/front/2/a/2a812fa7-4599-4e25-97db-20ffc6bc0b26.jpg?1775215260,https://scryfall.com/card/sos/239/traumatic-critique,2a812fa7-4599-4e25-97db-20ffc6bc0b26
,,SOS,246,en,R,Zaffai and the Tempests,{5}{U}{R},7.0,Legendary Creature — Human Bard Sorcerer,Olivier Bernard,7.19,,,,https://cards.scryfall.io/large/front/5/b/5bdbf507-6fd7-49f6-b437-8f2ce2d0eb0f.jpg?1775215269,https://scryfall.com/card/sos/246/zaffai-and-the-tempests,5bdbf507-6fd7-49f6-b437-8f2ce2d0eb0f
,,SOS,176,en,R,"Blech, Loafing Pest",{1}{B}{G},3.0,Legendary Creature — Pest,Ilse Gort,,,,,https://cards.scryfall.io/large/front/f/5/f588fa50-7cc5-41ba-90df-2d252eb5c785.jpg?1775717867,https://scryfall.com/card/sos/176/blech-loafing-pest,f588fa50-7cc5-41ba-90df-2d252eb5c785
,,SOS,177,en,C,Bogwater Lumaret,{B}{G},2.0,Creature — Spirit Frog,Lie Setiawan,0.92,2.0,0.36,,https://cards.scryfall.io/large/front/7/a/7a42f51a-3377-47bb-b6fb-c0515bf1dcfb.jpg?1774350647,https://scryfall.com/card/sos/177/bogwater-lumaret,7a42f51a-3377-47bb-b6fb-c0515bf1dcfb
,,SOS,179,en,R,Cauldron of Essence,{1}{B}{G},3.0,Artifact,Craig J Spearing,,,,,https://cards.scryfall.io/large/front/b/7/b7091740-e70c-4cf2-8d3d-b8e1ac1fbbdd.jpg?1775705647,https://scryfall.com/card/sos/179/cauldron-of-essence,b7091740-e70c-4cf2-8d3d-b8e1ac1fbbdd
,,SOS,184,en,R,Dina's Guidance,{1}{B}{G},3.0,Instant,Manuel Castañón,,,,,https://cards.scryfall.io/large/front/7/7/775c1e50-08a4-413f-ab0f-f1c2a79cfe94.jpg?1775733625,https://scryfall.com/card/sos/184/dinas-guidance,775c1e50-08a4-413f-ab0f-f1c2a79cfe94
,,SOS,192,en,C,Grapple with Death,{1}{B}{G},3.0,Sorcery,Nereida,0.94,,0.17,,https://cards.scryfall.io/large/front/6/2/62842fb4-8bd3-4d80-b4f9-5bc3c5cebd3a.jpg?1774522982,https://scryfall.com/card/sos/192/grapple-with-death,62842fb4-8bd3-4d80-b4f9-5bc3c5cebd3a
,,SOS,199,en,U,"Lluwen, Exchange Student // Pest Friend",{2}{B}{G} // {B/G},4.0,Legendary Creature — Elf Druid // Sorcery,Alix Branwyn,2.91,,0.73,,https://cards.scryfall.io/large/front/a/0/a0bcb638-c3c8-4973-9537-5c471f43f34f.jpg?1775235841,https://scryfall.com/card/sos/199/lluwen-exchange-student-pest-friend,a0bcb638-c3c8-4973-9537-5c471f43f34f
,,SOS,207,en,U,Old-Growth Educator,{2}{B}{G},4.0,Creature — Treefolk Druid,Vincent Christiaens,1.92,,,,https://cards.scryfall.io/large/front/e/b/eb7e858a-9b85-49b2-a379-ee656b64935a.jpg?1775010562,https://scryfall.com/card/sos/207/old-growth-educator,eb7e858a-9b85-49b2-a379-ee656b64935a
,,SOS,209,en,C,Pest Mascot,{1}{B}{G},3.0,Creature — Pest Ape,Filipe Pagliuso,0.91,,0.31,,https://cards.scryfall.io/large/front/d/8/d882beb9-6766-4818-afbb-f6fd7a2d5b70.jpg?1775010550,https://scryfall.com/card/sos/209/pest-mascot,d882beb9-6766-4818-afbb-f6fd7a2d5b70
,,SOS,214,en,M,Professor Dellian Fel,{2}{B}{G},4.0,Legendary Planeswalker — Dellian,Lie Setiawan,21.77,,14.04,,https://cards.scryfall.io/large/front/6/f/6ff3b4d8-1271-4c5d-8834-7662244f173d.jpg?1774975271,https://scryfall.com/card/sos/214/professor-dellian-fel,6ff3b4d8-1271-4c5d-8834-7662244f173d
,,SOS,238,en,U,Teacher's Pest,{B}{G},2.0,Creature — Skeleton Pest,Stephanie Cheung,1.95,2.0,0.95,,https://cards.scryfall.io/large/front/e/a/eaa358ac-761d-4507-aa15-3d4684027207.jpg?1775054007,https://scryfall.com/card/sos/238/teachers-pest,eaa358ac-761d-4507-aa15-3d4684027207
,,SOS,241,en,R,Vicious Rivalry,{2}{B}{G},4.0,Sorcery,Chris Rallis,,,,,https://cards.scryfall.io/large/front/6/f/6fa9cd18-3181-4373-ab65-49bf9de9487f.jpg?1775733188,https://scryfall.com/card/sos/241/vicious-rivalry,6fa9cd18-3181-4373-ab65-49bf9de9487f
,,SOS,244,en,U,Witherbloom Charm,{B}{G},2.0,Instant,Florian Herold,1.9,,0.92,,https://cards.scryfall.io/large/front/2/5/254437f7-7a8a-4b11-9cea-e8e7ea23c59e.jpg?1775010193,https://scryfall.com/card/sos/244/witherbloom-charm,254437f7-7a8a-4b11-9cea-e8e7ea23c59e
,,SOS,245,en,M,"Witherbloom, the Balancer",{6}{B}{G},8.0,Legendary Creature — Elder Dragon,Chris Rahn,24.69,45.0,22.68,,https://cards.scryfall.io/large/front/e/d/ed7b2361-97c6-49e2-bf0b-4770f4ffe2f0.jpg?1775423801,https://scryfall.com/card/sos/245/witherbloom-the-balancer,ed7b2361-97c6-49e2-bf0b-4770f4ffe2f0
,,SOS,173,en,R,Ark of Hunger,{2}{R}{W},4.0,Artifact,Ksenia Kim,3.49,,,,https://cards.scryfall.io/large/front/7/9/79d01c19-162b-4a12-9e27-18366d95eaa0.jpg?1775474532,https://scryfall.com/card/sos/173/ark-of-hunger,79d01c19-162b-4a12-9e27-18366d95eaa0
,,SOS,174,en,R,"Aziza, Mage Tower Captain",{R}{W},2.0,Legendary Creature — Djinn Sorcerer,Aurore Folny,18.98,,,,https://cards.scryfall.io/large/front/6/2/6261e89a-dbf1-481a-823e-6bb00be57195.jpg?1775475224,https://scryfall.com/card/sos/174/aziza-mage-tower-captain,6261e89a-dbf1-481a-823e-6bb00be57195
,,SOS,178,en,U,Borrowed Knowledge,{2}{R}{W},4.0,Sorcery,Inkognit,,,,,https://cards.scryfall.io/large/front/a/3/a3226e14-554d-47c9-b8b6-dfeb53cc41ba.jpg?1775474555,https://scryfall.com/card/sos/178/borrowed-knowledge,a3226e14-554d-47c9-b8b6-dfeb53cc41ba
,,SOS,181,en,U,Colossus of the Blood Age,{4}{R}{W},6.0,Artifact Creature — Construct,Leon Tukker,,,,,https://cards.scryfall.io/large/front/b/f/bfa7f0a4-6b65-4e53-ba00-848df260d8e3.jpg?1775474750,https://scryfall.com/card/sos/181/colossus-of-the-blood-age,bfa7f0a4-6b65-4e53-ba00-848df260d8e3
,,SOS,194,en,R,Hardened Academic,{R}{W},2.0,Creature — Bird Cleric,Vincent Christiaens,12.57,,4.99,,https://cards.scryfall.io/large/front/0/6/06c9e8a7-2840-4cff-90af-c6636e598f78.jpg?1775010681,https://scryfall.com/card/sos/194/hardened-academic,06c9e8a7-2840-4cff-90af-c6636e598f78
,,SOS,198,en,U,"Kirol, History Buff // Pack a Punch",{R}{W} // {1}{R}{W},2.0,Legendary Creature — Vampire Cleric // Sorcery,Bryan Sola,2.9,,0.64,,https://cards.scryfall.io/large/front/6/7/676ba521-66e4-42cf-a315-70d03cb7334e.jpg?1775235826,https://scryfall.com/card/sos/198/kirol-history-buff-pack-a-punch,676ba521-66e4-42cf-a315-70d03cb7334e
,,SOS,200,en,U,Lorehold Charm,{R}{W},2.0,Instant,Ksenia Kim,2.93,3.0,0.73,,https://cards.scryfall.io/large/front/5/f/5fe70295-e550-4577-a341-dab6c25aabfd.jpg?1774977293,https://scryfall.com/card/sos/200/lorehold-charm,5fe70295-e550-4577-a341-dab6c25aabfd
,,SOS,201,en,M,"Lorehold, the Historian",{3}{R}{W},5.0,Legendary Creature — Elder Dragon,Joshua Raphael,30.0,79.79,20.92,,https://cards.scryfall.io/large/front/7/1/71a6701f-40f1-43ef-bff5-a5907fd67cd6.jpg?1769518360,https://scryfall.com/card/sos/201/lorehold-the-historian,71a6701f-40f1-43ef-bff5-a5907fd67cd6
,,SOS,204,en,U,Molten Note,{X}{R}{W},2.0,Sorcery,David Álvarez,,,,,https://cards.scryfall.io/large/front/5/0/506f69aa-7dc4-4dd7-990a-7371fc1762c0.jpg?1775010575,https://scryfall.com/card/sos/204/molten-note,506f69aa-7dc4-4dd7-990a-7371fc1762c0
,,SOS,210,en,U,Practiced Scrollsmith,{R}{R/W}{W},3.0,Creature — Dwarf Cleric,Loïc Canavaggia,,,,,https://cards.scryfall.io/large/front/4/0/40075e3f-58b3-47fd-8fbe-4b301e9ce7a1.jpg?1775533171,https://scryfall.com/card/sos/210/practiced-scrollsmith,40075e3f-58b3-47fd-8fbe-4b301e9ce7a1
,,SOS,230,en,C,Spirit Mascot,{R}{W},2.0,Creature — Spirit Ox,Edgar Sánchez Hidalgo,0.9,,0.34,,https://cards.scryfall.io/large/front/1/2/123f1fde-d8de-4640-baa1-bb3781713168.jpg?1775010232,https://scryfall.com/card/sos/230/spirit-mascot,123f1fde-d8de-4640-baa1-bb3781713168
,,SOS,236,en,R,Suspend Aggression,{1}{R}{W},3.0,Instant,Andreas Zafiratos,1.0,,,,https://cards.scryfall.io/large/front/1/3/135c0696-d86d-4e48-988c-5c218de451fc.jpg?1775474562,https://scryfall.com/card/sos/236/suspend-aggression,135c0696-d86d-4e48-988c-5c218de451fc
,,SOS,172,en,R,Applied Geometry,{2}{G}{U},4.0,Sorcery,Justyna Dura,,,,,https://cards.scryfall.io/large/front/f/1/f109f2eb-895b-44a6-b6b5-81bf3831ccd5.jpg?1775561313,https://scryfall.com/card/sos/172/applied-geometry,f109f2eb-895b-44a6-b6b5-81bf3831ccd5
,,SOS,175,en,R,"Berta, Wise Extrapolator",{2}{G}{U},4.0,Legendary Creature — Frog Druid,Tuan Duong Chu,7.59,,2.45,,https://cards.scryfall.io/large/front/7/5/75f89c36-c81d-4580-9a5c-218fed0c5c9a.jpg?1775010765,https://scryfall.com/card/sos/175/berta-wise-extrapolator,75f89c36-c81d-4580-9a5c-218fed0c5c9a
,,SOS,183,en,U,Cuboid Colony,{G}{U},2.0,Creature — Insect,Alexandre Honoré,1.9,,0.69,,https://cards.scryfall.io/large/front/6/3/6384d135-7780-4d75-9e95-71bce506948e.jpg?1775010718,https://scryfall.com/card/sos/183/cuboid-colony,6384d135-7780-4d75-9e95-71bce506948e
,,SOS,189,en,C,Fractal Mascot,{4}{G}{U},6.0,Creature — Fractal Elk,Manuel Castañón,0.9,,,,https://cards.scryfall.io/large/front/c/f/cf5b19e3-eed1-4b36-9756-660ffb3baa08.jpg?1775010690,https://scryfall.com/card/sos/189/fractal-mascot,cf5b19e3-eed1-4b36-9756-660ffb3baa08
,,SOS,190,en,U,Fractal Tender,{3}{G}{U},5.0,Creature — Elf Wizard,Elizabeth Peiró,,,,,https://cards.scryfall.io/large/front/e/a/ea7f5262-4ddb-410a-be72-4bac6af9b4ec.jpg?1775561358,https://scryfall.com/card/sos/190/fractal-tender,ea7f5262-4ddb-410a-be72-4bac6af9b4ec
,,SOS,191,en,R,Geometer's Arthropod,{G}{U},2.0,Creature — Fractal Crab,Joe Slucher,,,,,https://cards.scryfall.io/large/front/e/c/ec0f3613-1edc-40e8-8f26-2e5ef13be55e.jpg?1775562109,https://scryfall.com/card/sos/191/geometers-arthropod,ec0f3613-1edc-40e8-8f26-2e5ef13be55e
,,SOS,193,en,U,Growth Curve,{G}{U},2.0,Sorcery,Joe Slucher,,,,,https://cards.scryfall.io/large/front/1/6/1675a445-86ae-413b-b95a-a1c254a7f252.jpg?1775562119,https://scryfall.com/card/sos/193/growth-curve,1675a445-86ae-413b-b95a-a1c254a7f252
,,SOS,202,en,R,Mind into Matter,{X}{G}{U},2.0,Sorcery,Joe Slucher,1.0,,,,https://cards.scryfall.io/large/front/0/a/0a7f0fdf-1d4b-4458-a19c-274611e8a59a.jpg?1775561376,https://scryfall.com/card/sos/202/mind-into-matter,0a7f0fdf-1d4b-4458-a19c-274611e8a59a
,,SOS,208,en,U,Paradox Surveyor,{G}{G/U}{U},3.0,Creature — Elf Druid,Elizabeth Peiró,,,,,https://cards.scryfall.io/large/front/d/7/d7cb1af2-0302-46ff-8303-ae9d07541a01.jpg?1775562131,https://scryfall.com/card/sos/208/paradox-surveyor,d7cb1af2-0302-46ff-8303-ae9d07541a01
,,SOS,215,en,C,Pterafractyl,{X}{G}{U},2.0,Creature — Dinosaur Fractal,Andrew Mar,,,,,https://cards.scryfall.io/large/front/e/c/ecd33152-e290-4505-addd-a8d08cefdddd.jpg?1775561385,https://scryfall.com/card/sos/215/pterafractyl,ecd33152-e290-4505-addd-a8d08cefdddd
,,SOS,217,en,U,Quandrix Charm,{G}{U},2.0,Instant,Matheus Graef,2.95,3.0,0.93,,https://cards.scryfall.io/large/front/3/1/318486e0-f255-40f5-8150-dc272eec9d7d.jpg?1775389332,https://scryfall.com/card/sos/217/quandrix-charm,318486e0-f255-40f5-8150-dc272eec9d7d
,,SOS,218,en,M,"Quandrix, the Proof",{4}{G}{U},6.0,Legendary Creature — Elder Dragon,Lucas Graciano,27.26,59.99,17.83,,https://cards.scryfall.io/large/front/0/1/015afe31-af3c-4c9b-9997-d7c33b915a33.jpg?1775010275,https://scryfall.com/card/sos/218/quandrix-the-proof,015afe31-af3c-4c9b-9997-d7c33b915a33
,,SOS,237,en,U,"Tam, Observant Sequencer // Deep Sight",{2}{G}{U} // {G}{U},4.0,Legendary Creature — Gorgon Wizard // Sorcery,Jodie Muir,2.9,3.0,,,https://cards.scryfall.io/large/front/7/1/7120e71b-2976-451b-89a7-a1665dc6fb6b.jpg?1775235846,https://scryfall.com/card/sos/237/tam-observant-sequencer-deep-sight,7120e71b-2976-451b-89a7-a1665dc6fb6b
,,SOS,247,en,C,Biblioplex Tomekeeper,{4},4.0,Artifact Creature — Construct,Raph Lomotan,0.9,,0.29,,https://cards.scryfall.io/large/front/b/f/bf2efdd9-d2b4-4bea-a5b9-dbb2eee4dfba.jpg?1774995927,https://scryfall.com/card/sos/247/biblioplex-tomekeeper,bf2efdd9-d2b4-4bea-a5b9-dbb2eee4dfba
,,SOS,248,en,U,Diary of Dreams,{2},2.0,Artifact — Book,Genel Jumalon,2.77,3.0,0.5,,https://cards.scryfall.io/large/front/e/e/ee1e0a96-af80-444e-a456-5b256cf60625.jpg?1774976016,https://scryfall.com/card/sos/248/diary-of-dreams,ee1e0a96-af80-444e-a456-5b256cf60625
,,SOS,2,en,C,Rancorous Archaic,{5},5.0,Creature — Avatar,Loïc Canavaggia,,,0.17,,https://cards.scryfall.io/large/front/2/5/2565e16a-ed31-4867-adb8-f1633d580397.jpg?1774983459,https://scryfall.com/card/sos/2/rancorous-archaic,2565e16a-ed31-4867-adb8-f1633d580397
,,SOS,252,en,U,Strixhaven Skycoach,{3},3.0,Artifact — Vehicle,Michal Ivan,,,,,https://cards.scryfall.io/large/front/8/7/87741fbb-b426-4f83-a358-587b0907f081.jpg?1775680409,https://scryfall.com/card/sos/252/strixhaven-skycoach,87741fbb-b426-4f83-a358-587b0907f081
,,SOS,3,en,U,Sundering Archaic,{6},6.0,Creature — Avatar,Quintin Gleim,,,,,https://cards.scryfall.io/large/front/c/3/c35b57e4-2358-46c0-8f09-cd27c10eaf2d.jpg?1775706421,https://scryfall.com/card/sos/3/sundering-archaic,c35b57e4-2358-46c0-8f09-cd27c10eaf2d
,,SOS,1,en,M,The Dawning Archaic,{10},10.0,Legendary Creature — Avatar,Josu Solano,24.58,,,,https://cards.scryfall.io/large/front/7/a/7a451985-37e1-44d8-839b-dc1e88df5c96.jpg?1774983470,https://scryfall.com/card/sos/1/the-dawning-archaic,7a451985-37e1-44d8-839b-dc1e88df5c96
,,SOS,4,en,R,Together as One,{6},6.0,Sorcery,Néstor Ossandón Leal,12.57,,0.99,,https://cards.scryfall.io/large/front/a/c/ac2a8a66-e38c-42ab-83e1-d2d99ee48861.jpg?1774869057,https://scryfall.com/card/sos/4/together-as-one,ac2a8a66-e38c-42ab-83e1-d2d99ee48861
,,SOS,5,en,U,Transcendent Archaic,{7},7.0,Creature — Avatar,Chris Rahn,,,,,https://cards.scryfall.io/large/front/1/6/1624c680-502b-474a-b9b2-888fe3ca008c.jpg?1775706414,https://scryfall.com/card/sos/5/transcendent-archaic,1624c680-502b-474a-b9b2-888fe3ca008c
,,SOS,272,en,C,Plains,"",0.0,Basic Land — Plains,Leon Tukker,,,,,https://cards.scryfall.io/large/front/d/8/d85d0f25-a24a-4de0-9b8b-93fb5017bce9.jpg?1775053546,https://scryfall.com/card/sos/272/plains,d85d0f25-a24a-4de0-9b8b-93fb5017bce9
,,SOS,274,en,C,Island,"",0.0,Basic Land — Island,Sergey Glushakov,,,,,https://cards.scryfall.io/large/front/7/7/77b88bb8-6bd9-4632-b937-89468fcb5e6a.jpg?1775053559,https://scryfall.com/card/sos/274/island,77b88bb8-6bd9-4632-b937-89468fcb5e6a
,,SOS,276,en,C,Swamp,"",0.0,Basic Land — Swamp,Sergey Glushakov,,,0.18,,https://cards.scryfall.io/large/front/5/1/51fe930f-2b5a-4b1e-9007-6ee74fb44715.jpg?1775053572,https://scryfall.com/card/sos/276/swamp,51fe930f-2b5a-4b1e-9007-6ee74fb44715
,,SOS,278,en,C,Mountain,"",0.0,Basic Land — Mountain,Sergey Glushakov,,,,,https://cards.scryfall.io/large/front/a/6/a642c7b1-d4d1-4125-a66d-560438e5ee51.jpg?1775053585,https://scryfall.com/card/sos/278/mountain,a642c7b1-d4d1-4125-a66d-560438e5ee51
,,SOS,280,en,C,Forest,"",0.0,Basic Land — Forest,Raph Lomotan,,,,,https://cards.scryfall.io/large/front/f/1/f169dfb2-e4c8-46e9-8591-e51bb82da082.jpg?1775053598,https://scryfall.com/card/sos/280/forest,f169dfb2-e4c8-46e9-8591-e51bb82da082
,,SOS,256,en,C,Forum of Amity,"",0.0,Land,Richard Wright,0.92,,0.16,,https://cards.scryfall.io/large/front/1/d/1de6c6cc-0c55-4997-8623-d7f796bd9ab8.jpg?1775059138,https://scryfall.com/card/sos/256/forum-of-amity,1de6c6cc-0c55-4997-8623-d7f796bd9ab8
,,SOS,260,en,R,Shattered Sanctum,"",0.0,Land,Sergey Glushakov,7.77,12.0,3.2,,https://cards.scryfall.io/large/front/5/a/5aa0c810-3b7d-4661-979e-e84fb327742d.jpg?1775009839,https://scryfall.com/card/sos/260/shattered-sanctum,5aa0c810-3b7d-4661-979e-e84fb327742d
,,SOS,262,en,C,Spectacle Summit,"",0.0,Land,Andreas Zafiratos,0.35,,0.25,,https://cards.scryfall.io/large/front/a/0/a0a66f7b-eab4-45da-8895-c2c2c7eb05f8.jpg?1775059151,https://scryfall.com/card/sos/262/spectacle-summit,a0a66f7b-eab4-45da-8895-c2c2c7eb05f8
,,SOS,263,en,R,Stormcarved Coast,"",0.0,Land,Leon Tukker,11.83,,2.68,,https://cards.scryfall.io/large/front/b/d/bd3ae4fa-4c97-410a-8c0a-bd203342595d.jpg?1775009809,https://scryfall.com/card/sos/263/stormcarved-coast,bd3ae4fa-4c97-410a-8c0a-bd203342595d
,,SOS,253,en,R,Deathcap Glade,"",0.0,Land,Piotr Dura,8.95,,4.84,,https://cards.scryfall.io/large/front/7/8/78897104-80e1-4d8a-9958-145b40f679e8.jpg?1774977614,https://scryfall.com/card/sos/253/deathcap-glade,78897104-80e1-4d8a-9958-145b40f679e8
,,SOS,266,en,C,Titan's Grave,"",0.0,Land,Lorenzo Lanfranconi,0.9,2.0,0.23,,https://cards.scryfall.io/large/front/a/9/a9ab41c8-3ee2-4676-9b8b-20c34d9f5f21.jpg?1775059159,https://scryfall.com/card/sos/266/titans-grave,a9ab41c8-3ee2-4676-9b8b-20c34d9f5f21
,,SOS,255,en,C,Fields of Strife,"",0.0,Land,Josu Solano,,,0.16,,https://cards.scryfall.io/large/front/3/d/3dc7a4c3-c356-4fba-bea0-e8788da3eb57.jpg?1775059131,https://scryfall.com/card/sos/255/fields-of-strife,3dc7a4c3-c356-4fba-bea0-e8788da3eb57
,,SOS,264,en,R,Sundown Pass,"",0.0,Land,Sergey Glushakov,6.68,,4.5,,https://cards.scryfall.io/large/front/b/3/b34000e9-ff20-4fb4-9d0b-03a172a92457.jpg?1774977819,https://scryfall.com/card/sos/264/sundown-pass,b34000e9-ff20-4fb4-9d0b-03a172a92457
,,SOS,254,en,R,Dreamroot Cascade,"",0.0,Land,Marco Gorlei,5.0,,1.54,,https://cards.scryfall.io/large/front/e/f/ef662b92-5a7f-48c9-bcc1-14b55e091aef.jpg?1774977672,https://scryfall.com/card/sos/254/dreamroot-cascade,ef662b92-5a7f-48c9-bcc1-14b55e091aef
,,SOS,258,en,C,Paradox Gardens,"",0.0,Land,Leon Tukker,,,0.14,,https://cards.scryfall.io/large/front/d/b/dbc3447e-1329-4ea1-b4ca-b321b0ffec8f.jpg?1775059144,https://scryfall.com/card/sos/258/paradox-gardens,dbc3447e-1329-4ea1-b4ca-b321b0ffec8f
,,SOS,257,en,R,Great Hall of the Biblioplex,"",0.0,Land,Constantin Marin,6.91,,14.99,,https://cards.scryfall.io/large/front/4/2/42d92674-2664-411c-b9c5-b04da7c845f4.jpg?1775186022,https://scryfall.com/card/sos/257/great-hall-of-the-biblioplex,42d92674-2664-411c-b9c5-b04da7c845f4
,,SOS,259,en,R,Petrified Hamlet,"",0.0,Land,Richard Wright,,,,,https://cards.scryfall.io/large/front/3/5/355dd460-b0e9-41f2-a058-b7f7e39ac387.jpg?1775680421,https://scryfall.com/card/sos/259/petrified-hamlet,355dd460-b0e9-41f2-a058-b7f7e39ac387
,,SOS,261,en,U,Skycoach Waypoint,"",0.0,Land,Jorge Jacinto,2.9,,0.63,,https://cards.scryfall.io/large/front/6/7/6747657b-5ce4-4dbd-b924-ca1f7119faf7.jpg?1775034227,https://scryfall.com/card/sos/261/skycoach-waypoint,6747657b-5ce4-4dbd-b924-ca1f7119faf7
,,SOS,265,en,C,Terramorphic Expanse,"",0.0,Land,Leon Tukker,,,0.11,,https://cards.scryfall.io/large/front/9/a/9a4c5629-fadd-42b9-850f-9f8586a2ca50.jpg?1775053540,https://scryfall.com/card/sos/265/terramorphic-expanse,9a4c5629-fadd-42b9-850f-9f8586a2ca50
